{
  "timestamp": "2025-11-16T22:45:43.446112",
  "total_records_analyzed": 7037,
  "total_features_analyzed": 90,
  "demographic_distribution": {
    "age_group": {
      "65+": 2084,
      "50-65": 1331,
      "35-50": 657,
      "<18": 345,
      "18-35": 303
    }
  },
  "bias_thresholds": {
    "gender_cv_max": 5.0,
    "ethnicity_cv_max": 10.0,
    "age_cv_max": 8.0,
    "age_cv_adjusted_max": 5.0,
    "quality_cv_max": 10.0,
    "overall_bias_score_max": 10.0,
    "min_sample_size": 30,
    "significance_threshold": 0.05,
    "min_regression_samples": 100,
    "residual_cv_threshold": 5.0,
    "high_correlation_threshold": 0.8
  },
  "analysis_version": "comprehensive_v1.0",
  "documentation_bias": {
    "documentation_length_bias": {
      "age_group": {
        "mean": {
          "18-35": 8033.3828382838,
          "35-50": 9108.0243531202,
          "50-65": 9197.2915101427,
          "65+": 9118.4601727447,
          "<18": 5624.8956521739
        },
        "median": {
          "18-35": 7078.0,
          "35-50": 8309.0,
          "50-65": 8489.0,
          "65+": 8667.5,
          "<18": 5382.0
        },
        "std": {
          "18-35": 4874.6545619134,
          "35-50": 5352.8115021981,
          "50-65": 5112.7118354109,
          "65+": 5221.4595664138,
          "<18": 2141.1634322795
        },
        "count": {
          "18-35": 303,
          "35-50": 657,
          "50-65": 1331,
          "65+": 2084,
          "<18": 345
        }
      }
    },
    "documentation_quality_bias": {
      "age_group": {
        "mean": {
          "18-35": 0.3808580858,
          "35-50": 0.3789954338,
          "50-65": 0.4042073629,
          "65+": 0.3921305182,
          "<18": 0.3942028986
        },
        "std": {
          "18-35": 0.4442754981,
          "35-50": 0.4400494308,
          "50-65": 0.4444278562,
          "65+": 0.4393241768,
          "<18": 0.4513172123
        },
        "count": {
          "18-35": 303,
          "35-50": 657,
          "50-65": 1331,
          "65+": 2084,
          "<18": 345
        }
      }
    },
    "statistical_tests": {
      "age_group": {
        "test_type": "ANOVA",
        "test_statistic": 40.961759730273606,
        "p_value": 8.498072591019178e-34,
        "significant": "True",
        "mean_difference": null,
        "groups_tested": [
          "18-35",
          "35-50",
          "50-65",
          "65+",
          "<18"
        ],
        "interpretation": "Significant difference detected"
      }
    }
  },
  "clinical_risk_bias": {
    "high_risk_score": {
      "age_group": {
        "mean": {
          "18-35": 2.1551155116,
          "35-50": 2.6347031963,
          "50-65": 2.7287753569,
          "65+": 3.070537428,
          "<18": 1.4
        },
        "median": {
          "18-35": 1.0,
          "35-50": 1.0,
          "50-65": 2.0,
          "65+": 2.0,
          "<18": 1.0
        },
        "std": {
          "18-35": 2.682855533,
          "35-50": 3.6626677867,
          "50-65": 3.5985677919,
          "65+": 3.687025623,
          "<18": 1.1447554832
        },
        "count": {
          "18-35": 303,
          "35-50": 657,
          "50-65": 1331,
          "65+": 2084,
          "<18": 345
        }
      }
    },
    "risk_outcome_ratio": {
      "age_group": {
        "mean": {
          "18-35": 0.4550105113,
          "35-50": 0.4608457632,
          "50-65": 0.4989977718,
          "65+": 0.5984862024,
          "<18": 0.2083516239
        },
        "median": {
          "18-35": 0.25,
          "35-50": 0.2,
          "50-65": 0.25,
          "65+": 0.2857142857,
          "<18": 0.1666666667
        },
        "std": {
          "18-35": 0.7319927906,
          "35-50": 0.875245216,
          "50-65": 0.8254592827,
          "65+": 0.9542556447,
          "<18": 0.299648147
        },
        "count": {
          "18-35": 303,
          "35-50": 657,
          "50-65": 1331,
          "65+": 2084,
          "<18": 345
        }
      }
    },
    "acute_chronic_ratio": {
      "age_group": {
        "mean": {
          "18-35": 0.6487053462,
          "35-50": 0.5296713953,
          "50-65": 0.5446968574,
          "65+": 0.543532808,
          "<18": 0.0934782609
        },
        "median": {
          "18-35": 0.5,
          "35-50": 0.3333333333,
          "50-65": 0.375,
          "65+": 0.4,
          "<18": 0.0
        },
        "std": {
          "18-35": 0.6890448582,
          "35-50": 0.650514618,
          "50-65": 0.6373548199,
          "65+": 0.6092181103,
          "<18": 0.2906685217
        },
        "count": {
          "18-35": 303,
          "35-50": 657,
          "50-65": 1331,
          "65+": 2084,
          "<18": 345
        }
      }
    }
  },
  "treatment_complexity_bias": {
    "polypharmacy_rates": {
      "age_group": {
        "18-35": 0.2838283828382838,
        "35-50": 0.4672754946727549,
        "50-65": 0.6100676183320811,
        "65+": 0.6151631477927063,
        "<18": 0.002898550724637681
      }
    },
    "treatment_intensity": {
      "age_group": {
        "mean": {
          "18-35": 16.9260726073,
          "35-50": 18.496651446,
          "50-65": 18.8182569497,
          "65+": 19.1493761996,
          "<18": 10.94
        },
        "median": {
          "18-35": 20.0,
          "35-50": 20.0,
          "50-65": 20.0,
          "65+": 20.0,
          "<18": 9.1
        },
        "count": {
          "18-35": 303,
          "35-50": 657,
          "50-65": 1331,
          "65+": 2084,
          "<18": 345
        }
      }
    },
    "kw_medications": {
      "age_group": {
        "mean": {
          "18-35": 3.7689768977,
          "35-50": 5.9223744292,
          "50-65": 7.3335837716,
          "65+": 7.759596929,
          "<18": 0.1971014493
        },
        "median": {
          "18-35": 2.0,
          "35-50": 4.0,
          "50-65": 6.0,
          "65+": 6.0,
          "<18": 0.0
        },
        "count": {
          "18-35": 303,
          "35-50": 657,
          "50-65": 1331,
          "65+": 2084,
          "<18": 345
        }
      }
    }
  },
  "lab_testing_bias": {
    "total_labs": {
      "age_group": {
        "mean": {
          "18-35": 396.5313531353,
          "35-50": 471.3089802131,
          "50-65": 475.8910593539,
          "65+": 460.4707293666,
          "<18": 146.6927536232
        },
        "median": {
          "18-35": 208.0,
          "35-50": 265.0,
          "50-65": 279.0,
          "65+": 302.0,
          "<18": 65.0
        },
        "std": {
          "18-35": 634.8624908528,
          "35-50": 638.6355026933,
          "50-65": 692.4128409109,
          "65+": 513.8208764208,
          "<18": 231.76717111
        },
        "count": {
          "18-35": 303,
          "35-50": 657,
          "50-65": 1331,
          "65+": 2084,
          "<18": 345
        }
      }
    },
    "abnormal_lab_count": {
      "age_group": {
        "mean": {
          "18-35": 136.3201320132,
          "35-50": 169.8340943683,
          "50-65": 176.5214124718,
          "65+": 165.3229366603,
          "<18": 40.315942029
        },
        "median": {
          "18-35": 60.0,
          "35-50": 88.0,
          "50-65": 93.0,
          "65+": 104.0,
          "<18": 17.0
        },
        "std": {
          "18-35": 282.5501300373,
          "35-50": 266.4317824312,
          "50-65": 285.493088996,
          "65+": 199.5166671299,
          "<18": 71.4246749575
        },
        "count": {
          "18-35": 303,
          "35-50": 657,
          "50-65": 1331,
          "65+": 2084,
          "<18": 345
        }
      }
    },
    "abnormal_lab_ratio": {
      "age_group": {
        "mean": {
          "18-35": 0.2867044792,
          "35-50": 0.3283507321,
          "50-65": 0.3414613374,
          "65+": 0.3437626449,
          "<18": 0.2595751758
        },
        "median": {
          "18-35": 0.2865497076,
          "35-50": 0.3208955224,